{
    "best_model": "Lasso",
    "r2_score": 0.880659113913514,
    "metrics": {
        "MAE": 4.209441250174215,
        "MSE": 29.04022027486776,
        "RMSE": 5.388897872002007,
        "R2": 0.880659113913514
    },
    "best_params": {
        "selection": "random",
        "max_iter": 1000,
        "alpha": 0.01
    },
    "timestamp": "20260330_012324"
}