{
    "best_model": "Lasso",
    "r2_score": 0.8806548187533167,
    "metrics": {
        "MAE": 4.20951972955114,
        "MSE": 29.041265452277912,
        "RMSE": 5.388994846191441,
        "R2": 0.8806548187533167
    },
    "best_params": {
        "selection": "random",
        "max_iter": 1000,
        "alpha": 0.01
    },
    "timestamp": "20260401_165952"
}