{
    "best_model": "Lasso",
    "r2_score": 0.8806591921020405,
    "metrics": {
        "MAE": 4.209447035253008,
        "MSE": 29.04020124859683,
        "RMSE": 5.388896106680554,
        "R2": 0.8806591921020405
    },
    "best_params": {
        "selection": "random",
        "max_iter": 1000,
        "alpha": 0.01
    },
    "timestamp": "20260330_004122"
}