{
    "best_model": "Lasso",
    "r2_score": 0.8806294788910886,
    "metrics": {
        "MAE": 4.209906847892164,
        "MSE": 29.04743161380874,
        "RMSE": 5.389566922657955,
        "R2": 0.8806294788910886
    },
    "best_params": {
        "selection": "random",
        "max_iter": 1000,
        "alpha": 0.01
    },
    "timestamp": "20260330_182439"
}