{
    "best_model": "Lasso",
    "r2_score": 0.8806792203277674,
    "metrics": {
        "MAE": 4.209143979320484,
        "MSE": 29.035327612193623,
        "RMSE": 5.388443895244119,
        "R2": 0.8806792203277674
    },
    "best_params": {
        "selection": "cyclic",
        "max_iter": 1000,
        "alpha": 0.01
    },
    "timestamp": "20260401_165147"
}